{"cameraMode":{"drawMode":0,"name":"Shaded","section":"Shading Mode"},"sceneLighting":false,"audioPlay":false,"sceneViewState":{"showFog":true,"showMaterialUpdate":false,"showSkybox":true,"showFlares":true,"showImageEffects":true,"showParticleSystems":true},"in2DMode":false,"pivot":{"x":-7.740844249725342,"y":-14.49390983581543,"z":0.7659955024719238},"rotation":{"x":0.089122474193573,"y":0.7814255952835083,"z":-0.11476150900125504,"w":0.6068452000617981},"size":15.596259117126465,"orthographic":false}