{"cameraMode":{"drawMode":0,"name":"Shaded","section":"Shading Mode"},"sceneLighting":true,"audioPlay":false,"sceneViewState":{"showFog":true,"showMaterialUpdate":false,"showSkybox":true,"showFlares":true,"showImageEffects":true,"showParticleSystems":true},"in2DMode":false,"pivot":{"x":18.136962890625,"y":-2.90478515625,"z":-5.03515625},"rotation":{"x":-0.07338191568851471,"y":-0.03739086166024208,"z":0.002759953960776329,"w":-0.9965989589691162},"size":24.02454948425293,"orthographic":true}