{"cameraMode":{"drawMode":0,"name":"Shaded","section":"Shading Mode"},"sceneLighting":false,"audioPlay":false,"sceneViewState":{"showFog":true,"showMaterialUpdate":false,"showSkybox":true,"showFlares":true,"showImageEffects":true,"showParticleSystems":true},"in2DMode":false,"pivot":{"x":-4.460000038146973,"y":3.484999895095825,"z":-0.12999999523162843},"rotation":{"x":0.06921427696943283,"y":0.038893286138772967,"z":-0.002699399134144187,"w":0.9968397617340088},"size":8.203088760375977,"orthographic":false}